ID,associatedWithOccupation,contactDetails,description,endDate,function,name,sourceRecordLink,startDate,type,url,warning,workCount
CRSH0004,Film and video,,"""The BBFC is a trusted guide to media content. Working as an independent, self-financing and not-for-profit media content regulator, the BBFC operates transparent, consistent and trusted co-regulatory and self-regulatory classification and labelling systems in the UK.""",,,British Board of Film Classification,,2013-01-01,"Non-government organisation, Statutory Authority",https://www.bbfc.co.uk/,,
CAN23_O2_0001,,,"The modern incarnation of the Edmonton Eskimo Football Club was founded in 1949, although its predecessors date back as far as 1892, when an Edmontonian team was created in response to a challenge from Calgary and went on to win its first game. Three years later, a combined team of Edmonton and Fort Saskatchewan players won the first Alberta Rugby Football Championship. In 1908 the Edmonton Rugby Football Club was reorganized as the Esquimaux, a nickname it had acquired as early as 1897 from a Calgary sportswriter. The spelling was changed to Eskimos in 1910. In 1921, the Eskimos became the first Western Canadian football team to compete in the Grey Cup, but were defeated by the Toronto Argonauts. Following this and a subsequent loss in the 1922 Grey Cup, the Eskimos largely retreated from the football scene, making brief reappearances before being revived in 1949 as the publically-owned Edmonton Eskimo Rugby Football Club. ""Rugby"" was dropped from the name in 1952.Their first Grey Cup championship season came in 1954 under coach Frank ""Pop"" Ivy and was immediately followed by two others in the succeeding years. In 1964, the Eskimo leadership was reorganized with the establishment of a nine- (later ten-) person Board of Directors and an explicit set of guidelines to replace its original Articles of Association. From 1978 to 1982 the Eskimos won an unprecedented five championships in a row. The team continues to be a popular organization in the city, having won 13 Grey Cup championships. In June 2021, the team officially changed their name to the Edmonton Elks. https://cityarchives.edmonton.ca/edmonton-eskimos-football-club",,,Edmonton Eskimos Football Club,https://github.com/HuNIVL/canadiana/blob/main/organisation.csv,1949,football team,https://www.goelks.com/ ,This data contains an outdated term for a racialized group which may cause hurt or offence.,
CAN23_O2_0002,,,"The Montreal Alouettes (French: Les Alouettes de Montreal) are a professional Canadian football team based in Montreal, Quebec. Founded in 1946, the team has folded and been revived twice. The Alouettes compete in the East Division of the Canadian Football League (CFL) and last won the Grey Cup championship in 2010. Their home field is Percival Molson Memorial Stadium for the regular season and as of 2014 also home of their playoff games.For record-keeping purposes, the CFL considers all clubs that have played in Montreal as one franchise dating to 1946, and considers the Alouettes to have suspended operations in 1987 before returning in 1996. Canadian football has a long history in Montreal, dating to the 1850s. The Alouettes were first formed in 1946 by Canadian Football Hall of Famer Lew Hayman along with businessmen Eric Cradock and Leo Dandurand. They named themselves after ""Alouette"", a work song about plucking the feathers from a skylark, which had become a symbol of the Quebecois. The origin of the team's name also comes from the 425 Tactical Fighter Squadron, the Royal Canadian Air Force's first French Canadian squadron. https://en.wikipedia.org/wiki/Montreal_Alouettes",,,Montreal Alouettes,https://github.com/HuNIVL/canadiana/blob/main/organisation.csv,1946,football team,https://en.montrealalouettes.com/,,
CAN23_O1_0001,,,"Lower house of the Canadian Parliament whose members are elected by voters. Together with the Crown and the Senate of Canada, they comprise the bicameral legislature of Canada.",,,House of Commons Canada,https://github.com/HuNIVL/canadiana/blob/main/organisation.csv,1867,government,,,
CAN23_O1_0002,,,Letourneau Developments Ltd. is a family owned company that has been operating in the Edmonton area since 1967.,,,Letourneau Developments Ltd ,https://github.com/HuNIVL/canadiana/blob/main/organisation.csv,1967,company,http://www.letourneaudevelopments.com/,,
CAN23_O1_0003,,,"The Liberal Party of Canada (French: Parti libéral du Canada) is a federal political party in Canada. The party espouses the principles of liberalism, and generally sits at the centre to centre-left of the Canadian political spectrum, with their rival, the Conservative Party, positioned to their right and the New Democratic Party, who at times aligned itself with the Liberals during minority governments, positioned to their left.",,,Liberal Party of Canada,https://github.com/HuNIVL/canadiana/blob/main/organisation.csv,1873,political party,https://liberal.ca/,,
CAN23_O1_0004,,,"The Alberta Golden Bears and Pandas are the sports teams that represent the University of Alberta in Edmonton, Alberta, Canada.",,,Alberta Golden Bears and Pandas,https://github.com/HuNIVL/canadiana/blob/main/organisation.csv,1935,sports team,https://bearsandpandas.ca/,,
CAN23_O1_0005,,,"The Edmonton Elks are a professional Canadian football team based in Edmonton, Alberta. The Elks were founded in 1949 as the Edmonton Eskimos.",,,Edmonton Elks,https://github.com/HuNIVL/canadiana/blob/main/organisation.csv,1949,football team,https://www.goelks.com/,"Please be aware that some records contain language, words or descriptions which may be considered offensive, distressing, or depict racialized prejudices. These depictions were wrong then and are wrong today. These words reflect the attitude of the period in which the item was written and/or that of its author. Please also be aware that records may contain references to deceased people which may cause sadness or distress.",
CAN23_O1_0006,,,"Edmonton Rugby Football Club was an early Canadian football - rugby union team based in Edmonton, Alberta. The team was founded in 1907 as the Edmonton Rugby Foot-ball Club, but football had been played in the city and environs for nearly 2 decades.The club was renamed the Edmonton Esquimaux in 1908 and again as the Edmonton Eskimos in 1910. In the years before and after the First World War the city was represented by the Edmonton Civics in 1914 and the Edmonton Canucks in 1919. The team was renamed the Edmonton Elks in 1922 and represented the WCFRU in the 10th Grey Cup, losing 13–1 to the Queen's University Golden Gaels. The team changed back to the name Eskimos for the 1923 season, winning their third consecutive AFRU championship but failing to clinch the WCFRU championship.",,,Edmonton Rugby Football Club,https://github.com/HuNIVL/canadiana/blob/main/organisation.csv,1907,football team,,"Please be aware that some records contain language, words or descriptions which may be considered offensive, distressing, or depict racialized prejudices. These depictions were wrong then and are wrong today. These words reflect the attitude of the period in which the item was written and/or that of its author. Please also be aware that records may contain references to deceased people which may cause sadness or distress.",
CAN23_O1_0007,,,"The Journal was founded in 1903 by three local businessmen, John Macpherson, Arthur Moore and J.W. Cunningham as a rival to Alberta's first newspaper, the 23 year old Edmonton Bulletin. Within a week, the Journal took over another newspaper, The Edmonton Post, and established an editorial policy supporting the Conservative Party against the Bulletin's stance for the Liberal Party. In 1912, the Journal was sold to the Southam family. It remained under Southam ownership until 1996, when it was acquired by Hollinger International. The Journal was subsequently sold to Canwest in 2000, and finally came under its current ownership, Postmedia Network Inc., in 2010. https://en.wikipedia.org/wiki/Edmonton_Journal",,,Edmonton Journal,,1903,Newspaper publisher,https://edmontonjournal.com/,"Please be aware that some records contain language, words or descriptions which may be considered offensive, distressing, or depict racialized prejudices. These depictions were wrong then and are wrong today. These words reflect the attitude of the period in which the item was written and/or that of its author. Please also be aware that records may contain references to deceased people which may cause sadness or distress.",
CanIntlOrg_0001,,,Global network of French-speaking higher-education and research institutions,,,Agence universitaire de la Francophonie,https://en.wikipedia.org/wiki/Agence_universitaire_de_la_Francophonie,1961,Francophone university network,,,
CanIntlOrg_0002,,,Organisation of airport authorities aimed at unifying industry practices for airport standards,,,Airports Council International,https://en.wikipedia.org/wiki/Airports_Council_International,1991,Organisation of Airport Authorities,,,
CanIntlOrg_0003,,,International society that seeks to advance the study and application of geochemistry and represents scientists working in that field. ,,,Association of Applied Geochemists,https://en.wikipedia.org/wiki/Association_of_Applied_Geochemists,1970,International non-governmental organization,,,
CanIntlOrg_0004,,,"Cross disability, consumer controlled international non-governmental organization (INGO) headquartered in Ottawa, Ontario, Canada.",,,Disabled Peoples' International,https://en.wikipedia.org/wiki/Disabled_Peoples%27_International,1972,International non-governmental organization,,,
CanIntlOrg_0005,,,International organization that facilitates cooperation and intelligence sharing between national financial intelligence units (FIUs) to investigate and prevent money laundering and terrorist financing.,,,Egmont Group of Financial Intelligence Units,https://en.wikipedia.org/wiki/Egmont_Group_of_Financial_Intelligence_Units,1995,International Organisation,,,
CanIntlOrg_0006,,,"Initiative introduced in the ""Charlevoix Commitment on Defending Democracy from Foreign Threats"", issued by the leaders of the Group of Seven (G7) countries.",,,G7 Rapid Response Mechanism,https://en.wikipedia.org/wiki/G7_Rapid_Response_Mechanism,,Initiative,,,
CanIntlOrg_0007,,,Informal international partnership among countries in order to exchange information and coordinate practices for confronting new threats and risks to global health.,,,Global Health Security Initiative,https://en.wikipedia.org/wiki/Global_Health_Security_Initiative,2001,Informal International partnership,,,
CanIntlOrg_0008,,,"International nongovernmental organization made up of parliamentarians from across the world, working together to combat corruption, strengthen good government, and uphold the rule of law.",,,Global Organization of Parliamentarians Against Corruption,https://en.wikipedia.org/wiki/Global_Organization_of_Parliamentarians_Against_Corruption,2003,International non-governmental organization,,,
CanIntlOrg_0009,,,International collaboration of experts and researchers focused in the area of population health.,,,GRaPH-Int,https://en.wikipedia.org/wiki/GRaPH-Int,,International collaboration of experts,,,
CanIntlOrg_0010,,,"Global network of 124 independent non-governmental organisations that work at a local, national, regional, or international level to defend and promote freedom of expression as a human right.",,,IFEX (organization),https://en.wikipedia.org/wiki/IFEX_(organization),1992,Non-profit NGO,,,
CanIntlOrg_0011,,,Trade association of the world's airlines founded in 1945.,,,International Air Transport Association,https://en.wikipedia.org/wiki/International_Air_Transport_Association,1945,International trade assiciation,,,
CanIntlOrg_0012,,,"The International Association of Independent Journalists Inc. (IAIJ) is a registered not-for-profit journalist association with offices in Toronto, Ontario, Canada and London, England. The association is international and caters to amateur (citizen journalists) and professional journalists with advocacy and support services worldwide. ",,,International Association of Independent Journalists Inc.,https://en.wikipedia.org/wiki/International_Association_of_Independent_Journalists_Inc.,2003,Non-profit,,,
CanIntlOrg_0013,,,"Specialized agency of the United Nations that coordinates the principles and techniques of international air navigation, and fosters the planning and development of international air transport to ensure safe and orderly growth.",,,International Civil Aviation Organization,https://en.wikipedia.org/wiki/International_Civil_Aviation_Organization,1947,United Nations specialized agency,,,
CanIntlOrg_0014,,,The International Council for Adult Education (ICAE) is an international partnership of individuals and organizations interested in adult learning and adult education. Their mission is to promote adult learning as an important tool for informed participation in civil society and sustainable development. ,,,International Council for Adult Education,https://en.wikipedia.org/wiki/International_Council_for_Adult_Education,1972,International Partnership,,,
CanIntlOrg_0015,,,"The International Federation of Air Line Pilots' Associations (IFALPA) is an international not-for-profit organization of national aircraft pilot trade unions, known as pilot associations. IFALPA was founded in April 1948 and is based in Montreal, Quebec, Canada. ",,,International Federation of Air Line Pilots' Associations,https://en.wikipedia.org/wiki/International_Federation_of_Air_Line_Pilots%27_Associations,,International not-for-profit organization,,,
CanIntlOrg_0016,,,"Founded in 1958, the International Mineralogical Association (IMA) is an international group of 40 national societies. The goal is to promote the science of mineralogy and to standardize the nomenclature of the 5000 plus known mineral species. The IMA is affiliated with the International Union of Geological Sciences (IUGS). ",,,International Mineralogical Association,https://en.wikipedia.org/wiki/International_Mineralogical_Association,1958,International non-governmental organization,,,
CanIntlOrg_0017,,,"Librarians Without Borders is an international nonprofit organization with headquarters located in London, Ontario, Canada.",,,Librarians Without Borders,https://en.wikipedia.org/wiki/Librarians_Without_Borders,2005,Social action non-profit,,,
CanIntlOrg_0018,,,"The Nobel Women's Initiative is an international advocacy organisation based in Ottawa, Canada.",,,Nobel Women's Initiative,https://en.wikipedia.org/wiki/Nobel_Women%27s_Initiative,2006,,,,
CanIntlOrg_0019,,,A Revolutionary Knitting Circle is an activist group that uses craftivism (specifically knitting and other textile handicrafts) in its efforts to bring about social change. ,,,Revolutionary Knitting Circle,https://en.wikipedia.org/wiki/Revolutionary_Knitting_Circle,2000,Activist group,,,
CanIntlOrg_0020,,,"Right To Play is an international non-profit organization whose mission is to use play to empower vulnerable children to overcome the effects of war, poverty, and disease. ",,,Right To Play,https://en.wikipedia.org/wiki/Right_To_Play,2000,International not-for-profit organization,,,
CanIntlOrg_0021,,,Under The Same Sun (UTSS) is a Christian charitable organization that promotes the wellbeing of persons with albinism (PWA) via education and advocacy.,,,Under the Same Sun,https://en.wikipedia.org/wiki/Under_the_Same_Sun,,"
Charitable organization",,,
CanIntlOrg_0022,,,"The UNESCO Institute for Statistics (UIS) is the statistical office of UNESCO and is the UN depository for cross-nationally comparable statistics on education, science and technology, culture, and communication. ",,,UNESCO Institute for Statistics,https://en.wikipedia.org/wiki/UNESCO_Institute_for_Statistics,1999,Cross-nationally comparable statistics,,,
CanIntlOrg_0023,,,"The World Anti-Doping Agency (WADA; French: Agence mondiale antidopage, AMA) is a foundation initiated by the International Olympic Committee based in Canada to promote, coordinate, and monitor the fight against drugs in sports.",,,World Anti-Doping Agency,https://en.wikipedia.org/wiki/World_Anti-Doping_Agency,1999,Non-profit,,,
CanIntlOrg_0024,,,"The World Blind Union (WBU) is an international organization representing the estimated 2.2 billion people worldwide who are blind or partially sighted. It consists of other organizations, not individuals. ",,,World Blind Union,https://en.wikipedia.org/wiki/World_Blind_Union,1984,Non-profit,,,
CanIntlOrg_0025,,,"The World Broadcasting Unions (WBU) is the coordinating body for continental broadcasting unions. Founded in 1992, it's a coordinating body at the international broadcasting level. The Toronto-based North American Broadcasters Association (NABA) acts as secretariat for the WBU.",,,World Broadcasting Unions,https://en.wikipedia.org/wiki/World_Broadcasting_Unions,1992,Union of broadcasting organisations,,,
CanIntlOrg_0026,,,"The World Design Organization (WDO) was founded in 1957 from a group of international organizations focused on industrial design. Formerly known as the International Council of Societies of Industrial Design, the WDO is a worldwide society that promotes better design around the world. Today, the WDO includes over 170 member organizations in more than 40 nations, representing an estimated 150,000 designers. ",,,World Design Organization,https://en.wikipedia.org/wiki/World_Design_Organization,1957,Non-profit,,,
Q5030574,,,,,,Canadian Society for Clinical Investigation,http://www.wikidata.org/entity/Q5030574,1951-01-01,"Learned Society, Non-governmental organisation",https://csci-scrc.ca/,,
Q5030581,,,,,,Canadian Society for History and Philosophy of Mathematics,http://www.wikidata.org/entity/Q5030581,1974-01-01,"Learned Society, Non-governmental organisation",http://cshpm.org,,
Q56304752,,,,,,Association des bibliothèques publiques du Québec,http://www.wikidata.org/entity/Q56304752,,Non-governmental organisation,https://www.abpq.ca/,,
Q4745007,,,,,,American Society for Apheresis,http://www.wikidata.org/entity/Q4745007,,"Learned Society, Non-governmental organisation",http://www.apheresis.org/,,
Q4212096,,,,,,Canadian Institute of Ukrainian Studies,http://www.wikidata.org/entity/Q4212096,1976-07-01,"Learned Society, Research Institute, Non-governmental organisation",,,
Q104765285,,,,,,Major Cities Chiefs Association,http://www.wikidata.org/entity/Q104765285,1949-01-01,Non-governmental organisation,https://www.majorcitieschiefs.com/,,
Q7751848,,,,,,The Model Railroad Club of Toronto,http://www.wikidata.org/entity/Q7751848,1938-01-01,Non-governmental organisation,http://www.modelrailroadclub.com/,,
Q3487713,,,,,,Canadian Geotechnical Society,http://www.wikidata.org/entity/Q3487713,,"Learned Society, Non-governmental organisation",https://www.cgs.ca/,,
Q5029725,,,,,,Canadian Association of Journalists,http://www.wikidata.org/entity/Q5029725,,Non-governmental organisation,http://www.caj.ca/,,
Q5030486,,,,,,Canadian Political Science Association,http://www.wikidata.org/entity/Q5030486,,"Learned Society, Non-governmental organisation",http://www.cpsa-acsp.ca/,,
Q5030583,,,,,,Canadian Society of Medievalists,http://www.wikidata.org/entity/Q5030583,,"Learned Society, Non-governmental organisation",https://canadianmedievalists.org,,
Q94525760,,,,,,Canadian Federation of Library Associations,http://www.wikidata.org/entity/Q94525760,,Non-governmental organisation,,,
Q106784533,,,,,,Canadian National Proteomics Network,http://www.wikidata.org/entity/Q106784533,2008-01-01,"Learned Society, Non-governmental organisation",https://www.cnpn.ca,,
Q2822264,,,,,,Canadian Academy of Engineering,http://www.wikidata.org/entity/Q2822264,1987-01-01,"Engineering Society, Learned Society, Non-governmental organisation",https://www.cae-acg.ca,,
Q26037959,,,,,,Canadian Society for Eighteenth-Century Studies,http://www.wikidata.org/entity/Q26037959,1971-01-01,"Learned Society, Non-governmental organisation",http://scedhs.ca/,,
Q5029723,,,,,,Canadian Association of Geographers,http://www.wikidata.org/entity/Q5029723,1951-01-01,"Learned Society, Non-governmental organisation",https://www.cag-acg.ca/cag-english,,
Q110087117,,,,,,McMaster Classics Club,http://www.wikidata.org/entity/Q110087117,1930-01-01,Non-governmental organisation,https://mcmasterclassicsclub.wordpress.com/,,
Q110022321,,,,,,Canadian Biochemical Society,http://www.wikidata.org/entity/Q110022321,1957-10-09,"Learned Society, Non-governmental organisation",https://csmb-scbm.ca,,
Q5030438,,,,,,Canadian Paper Money Society,http://www.wikidata.org/entity/Q5030438,1964-01-01,"Learned Society, Non-governmental organisation",http://www.cpmsonline.ca,,
Q106730806,,,,,,Toronto Art Students' League,http://www.wikidata.org/entity/Q106730806,1886-01-01,Non-governmental organisation,,,
Q3151856,,,,,,Canadian Institute of Actuaries,http://www.wikidata.org/entity/Q3151856,1965-01-01,"Learned Society, Non-governmental organisation",http://www.cia-ica.ca,,
Q1032048,,,,,,Canadian Association of Research Libraries,http://www.wikidata.org/entity/Q1032048,1976-01-01,Non-governmental organisation,http://www.carl-abrc.ca/,,
Q110857599,,,,,,Victorian Studies Association of Western Canada,http://www.wikidata.org/entity/Q110857599,1972-01-01,"Learned Society, Non-governmental organisation",https://vsawc.org/,,
Q112572608,,,,,,Esquire Club,http://www.wikidata.org/entity/Q112572608,,Non-governmental organisation,,,
Q17008301,,,,,,College of Professional Pilots of Canada,http://www.wikidata.org/entity/Q17008301,,Non-governmental organisation,http://www.collegeofpilots.ca,,
Q7109193,,,,,,Ottawa Humane Society,http://www.wikidata.org/entity/Q7109193,1888-01-01,Non-governmental organisation,http://ottawahumane.ca/,,
Q5030291,,,,,,Canadian Linguistic Association,http://www.wikidata.org/entity/Q5030291,1955-01-01,"Learned Society, Non-governmental organisation",http://cla-acl.ca/,,
Q17007930,,,,,,International Council for Canadian Studies,http://www.wikidata.org/entity/Q17007930,,"Learned Society, Non-governmental organisation",http://www.iccs-ciec.ca/,,
Q30293281,,,,,,Canadian Society of Church History,http://www.wikidata.org/entity/Q30293281,1960-01-01,"Historical Society, Non-governmental organisation",http://csch-sche.ca/,,
Q106454597,,,,,,Association of Academic Health Science Libraries,http://www.wikidata.org/entity/Q106454597,1977-01-01,Non-governmental organisation,https://www.aahsl.org/,,
Q106714970,,,,,,Canadian Art Libraries and Information Services Section,http://www.wikidata.org/entity/Q106714970,1967-01-01,Non-governmental organisation,,,
Q19596241,,,,,,Canadian Association of Emergency Physicians,http://www.wikidata.org/entity/Q19596241,1978-01-01,"Professional Association Of Emergency Medicine, Non-governmental organisation",https://caep.ca/,,
Q5030571,,,,,,Canadian Society for Civil Engineering,http://www.wikidata.org/entity/Q5030571,,"Learned Society, Non-governmental organisation",http://www.csce.ca/,,
Q56648108,,,,,,Canadian Society for Chemistry,http://www.wikidata.org/entity/Q56648108,1985-01-01,"Learned Society, Non-governmental organisation",http://www.cheminst.ca,,
Q1032094,,,,,,Canadian Economics Association,http://www.wikidata.org/entity/Q1032094,1966-01-01,"Non-governmental organisation, Learned Society",http://economics.ca/en/,,
Q5008488,,,,,,CAA-Quebec,http://www.wikidata.org/entity/Q5008488,,Non-governmental organisation,,,
Q16150856,,,,,,Canadian Association for Irish Studies,http://www.wikidata.org/entity/Q16150856,1973-01-01,"Learned Society, Non-governmental organisation",https://www.canadianirishstudies.org,,
Q7094827,,,,,,Ontario Library Association,http://www.wikidata.org/entity/Q7094827,1900-01-01,Non-governmental organisation,https://accessola.com/,,
Q65069467,,,,,,Canadian Society for Mass Spectrometry,http://www.wikidata.org/entity/Q65069467,,"Learned Society, Non-governmental organisation",,,
Q5030288,,,,,,Canadian Library Association,http://www.wikidata.org/entity/Q5030288,1946-01-01,Non-governmental organisation,http://www.cla.ca,,
Q55138317,,,,,,Victoria Sketch Club,http://www.wikidata.org/entity/Q55138317,,Non-governmental organisation,,,
Q101114915,,,,,,Art Group '59,http://www.wikidata.org/entity/Q101114915,1959-01-01,Non-governmental organisation,,,
Q14769109,,,,,,Mount Stephen Club,http://www.wikidata.org/entity/Q14769109,,Non-governmental organisation,,,
Q87727957,,,,,,Association professionnelle des diffuseurs de spectacles RIDEAU,http://www.wikidata.org/entity/Q87727957,,"Not-for-profit Arts Organization, Non-governmental organisation",https://associationrideau.ca/,,
Q95722554,,,,,,Canadian Quaternary Association,http://www.wikidata.org/entity/Q95722554,1975-01-01,"Learned Society, Non-governmental organisation",https://www.canqua.com/,,
Q2867874,,,,,,Canadian Medical Association,http://www.wikidata.org/entity/Q2867874,1867-01-01,"Medical Association, Publisher, Non-governmental organisation",https://www.cma.ca/,,
Q107001700,,,,,,Canadian Society of Biblical Studies,http://www.wikidata.org/entity/Q107001700,1933-01-01,"Learned Society, Non-governmental organisation",https://csbs-sceb.ca/,,
Q3488240,,,,,,Société du Patrimoine des Beaucerons,http://www.wikidata.org/entity/Q3488240,1976-01-01,"History And Genealogy Society, Non-governmental organisation",https://spbbeauce.ca/,,
Q16238054,,,,,,The National Club,http://www.wikidata.org/entity/Q16238054,1907-12-17,Non-governmental organisation,https://www.thenationalclub.com/home,,
Q22575812,,,,,,Canadian Sociological Association,http://www.wikidata.org/entity/Q22575812,1965-01-01,"Learned Society, Academic Publisher, Non-governmental organisation",https://www.csa-scs.ca,,
Q463842,,,,,,American Dialect Society,http://www.wikidata.org/entity/Q463842,1889-03-13,"Learned Society, Non-governmental organisation",https://www.americandialect.org/,,
Q5533456,,,,,,Genocide Prevention Group,http://www.wikidata.org/entity/Q5533456,2006-01-01,Non-governmental organisation,,,
Q28455795,,,,,,International Network on Personal Meaning,http://www.wikidata.org/entity/Q28455795,1998-01-01,"Learned Society, Non-governmental organisation",http://www.inpm.org/,,
Q3487716,,,,,,Canadian Society for Epidemiology and Biostatistics,http://www.wikidata.org/entity/Q3487716,1990-01-01,"Learned Society, Non-governmental organisation",http://www.cseb.ca,,
Q106596456,,,,,,Canadian Society for Chemical Technology,http://www.wikidata.org/entity/Q106596456,1973-01-01,"Learned Society, Non-governmental organisation",,,
Q73379436,,,,,,Intl Soc for the Prevention of Tobacco Induced Diseases,http://www.wikidata.org/entity/Q73379436,,"Learned Society, Non-governmental organisation",,,
Q104850336,,,,,,Toronto Regional Real Estate Board,http://www.wikidata.org/entity/Q104850336,,Non-governmental organisation,https://trreb.ca/,,
Q105081263,,,,,,Ottawa Field-Naturalists' Club,http://www.wikidata.org/entity/Q105081263,1863-01-01,Non-governmental organisation,,,
Q64626628,,,,,,French Colonial Historical Society,http://www.wikidata.org/entity/Q64626628,,"Historical Society, Non-governmental organisation",https://www.frenchcolonial.org/,,
Q59394236,,,,,,Canadian Association of Law Libraries,http://www.wikidata.org/entity/Q59394236,1963-07-05,Non-governmental organisation,https://www.callacbd.ca/,,
Q109659933,,,,,,West Toronto Lawn Bowling Club,http://www.wikidata.org/entity/Q109659933,1912-01-01,Non-governmental organisation,,,
Q4796938,,,,,,Art Libraries Society of North America,http://www.wikidata.org/entity/Q4796938,1972-01-01,Non-governmental organisation,http://www.arlisna.org/,,
Q7769628,,,,,,The Toronto Club,http://www.wikidata.org/entity/Q7769628,1888-01-01,Non-governmental organisation,,,
Q64025631,,,,,,Botanical Society of Canada,http://www.wikidata.org/entity/Q64025631,1860-01-01,"Learned Society, Non-governmental organisation",,,
Q7373910,,,,,,Royal Canadian Numismatic Association,http://www.wikidata.org/entity/Q7373910,1950-01-01,"Learned Society, Non-governmental organisation",http://www.rcna.ca/,,
Q3488052,,,,,,Société des Dix,http://www.wikidata.org/entity/Q3488052,,"Learned Society, Non-governmental organisation",https://societedesdix.com/,,
Q2659514,,,,,,Television Critic,http://www.wikidata.org/entity/Q2659514,,Non-governmental organisation,http://tvcritics.org/,,
Q6647642,,,,,,Literary and Historical Society of Quebec,http://www.wikidata.org/entity/Q6647642,1824-01-06,"Learned Society, Non-governmental organisation",http://www.morrin.org/en/what-is-the-morrin-centre/,,
Q3487722,,,,,,Canadian Meteorological and Oceanographic Society,http://www.wikidata.org/entity/Q3487722,1967-01-01,"Learned Society, Scientific Society, Non-governmental organisation",https://www.cmos.ca/,,
Q5029983,,,,,,Canadian Federation for the Humanities and Social Sciences,http://www.wikidata.org/entity/Q5029983,1996-01-01,"Learned Society, Non-governmental organisation",https://www.federationhss.ca,,
Q17013615,,,,,,Association for Rural & Small Libraries,http://www.wikidata.org/entity/Q17013615,2008-01-01,Non-governmental organisation,http://www.arsl.info/,,
Q5030095,,,,,,Canadian Historical Association,http://www.wikidata.org/entity/Q5030095,1922-01-01,"Learned Society, Non-governmental organisation",http://www.cha-shc.ca/,,
Q3487785,,,,,,Société d'archéologie et de numismatique de Montréal,http://www.wikidata.org/entity/Q3487785,1862-01-01,"Learned Society, Non-governmental organisation",,,
Q54918452,,,,,,Canadian Theological Society,http://www.wikidata.org/entity/Q54918452,1955-01-01,"Theological Society, Non-governmental organisation",http://cts-stc.ca,,
Q600508,,,,,,International Political Science Association,http://www.wikidata.org/entity/Q600508,1949-01-01,"Learned Society, Non-governmental organisation",https://www.ipsa.org/,,
Q4809412,,,,,,Association for Canadian Studies,http://www.wikidata.org/entity/Q4809412,1973-01-01,"Learned Society, Non-governmental organisation",http://acs-aec.ca/en/,,
Q5029739,,,,,,Canadian Astronomical Society,http://www.wikidata.org/entity/Q5029739,1971-01-01,"Astronomical Society, Non-governmental organisation",http://casca.ca/,,
Q16955405,,,,,,Canadian Society for the Study of Religion,http://www.wikidata.org/entity/Q16955405,1965-01-01,"Learned Society, Non-governmental organisation",http://cssrscer.ca,,
Q105827887,,,,,,Calgary Women's Literary Club,http://www.wikidata.org/entity/Q105827887,1906-01-01,Non-governmental organisation,https://calgarywomensliteraryclub.com/,,
Q632221,,,,,,Archaeological Society of British Columbia,http://www.wikidata.org/entity/Q632221,,"Archaeological Society, Non-governmental organisation",http://www.asbc.bc.ca/,,
Q4668351,,,,,,Aboriginal Nurses Association of Canada,http://www.wikidata.org/entity/Q4668351,1975-01-01,Non-governmental organisation,,,
Q6324968,,,,,,KAIROS,http://www.wikidata.org/entity/Q6324968,,Non-governmental organisation,https://www.kairoscanada.org/,,
Q7094885,,,,,,Ontario Real Estate Association,http://www.wikidata.org/entity/Q7094885,,Non-governmental organisation,https://orea.com,,
Q5029990,,,,,,Canadian Feed the Children,http://www.wikidata.org/entity/Q5029990,1986-01-01,Non-governmental organisation,,,
Q7094624,,,,,,Ontario Coalition Against Poverty,http://www.wikidata.org/entity/Q7094624,1989-01-01,Non-governmental organisation,http://www.ocap.ca/,,
Q112818791,,,,,,Visible Minority Librarians of Canada,http://www.wikidata.org/entity/Q112818791,2012-01-01,Non-governmental organisation,https://vimloc.wordpress.com,,
Q5185238,,,,,,Crime Writers of Canada,http://www.wikidata.org/entity/Q5185238,1982-01-01,Non-governmental organisation,http://www.crimewriterscanada.com,,
Q56063503,,,,,,Raoul Wallenberg Centre for Human Rights,http://www.wikidata.org/entity/Q56063503,,Non-governmental organisation,https://www.raoulwallenbergcentre.org,,
Q20083154,,,,,,Canadian Lemko Association,http://www.wikidata.org/entity/Q20083154,1961-05-28,Non-governmental organisation,http://www.lemko-olk.com/,,
Q5008907,,,,,,CAUCE,http://www.wikidata.org/entity/Q5008907,1997-01-01,Non-governmental organisation,http://www.cauce.org/,,
Q7609798,,,,,,Stephen Lewis Foundation,http://www.wikidata.org/entity/Q7609798,,Non-governmental organisation,,,
Q109321458,,,,,,Piétons Québec,http://www.wikidata.org/entity/Q109321458,,Non-governmental organisation,https://www.pietons.quebec/,,
Q7249252,,,,,,Project Ploughshares,http://www.wikidata.org/entity/Q7249252,1976-01-01,Non-governmental organisation,https://ploughshares.ca/,,
Q4809532,,,,,,Association for Women's Rights in Developmen,http://www.wikidata.org/entity/Q4809532,1982-01-01,Non-governmental organisation,http://www.awid.org,,
Q64423976,,,,,,centre d’archives régional de Portneuf,http://www.wikidata.org/entity/Q64423976,,Non-governmental organisation,https://deschambault-grondines.com/centre-darchives-regional-de-portneuf/,,
Q5030497,,,,,,Canadian Private Copying Collective,http://www.wikidata.org/entity/Q5030497,,Non-governmental organisation,https://www.cpcc.ca/en/,,
Q86669572,,,,,,Quebec Council for Living Heritage,http://www.wikidata.org/entity/Q86669572,1993-01-01,"Non-governmental Organization, Nonprofit Organization",https://patrimoinevivant.qc.ca/,,
Q115130020,,,,,,Foundation for the Defence of the Rights and Freedoms of the People,http://www.wikidata.org/entity/Q115130020,,Non-governmental organisation,https://fddlp.org,,
Q5030409,,,,,,Canadian Owners and Pilots Association,http://www.wikidata.org/entity/Q5030409,1952-01-01,Non-governmental organisation,http://www.copanational.org,,
Q107265257,,,,,,Réseau francophone de droit international,http://www.wikidata.org/entity/Q107265257,,"Learned Society, Non-governmental organisation",http://www.rfdi.net/,,
Q1346473,,,,,,Universities Canada,http://www.wikidata.org/entity/Q1346473,1911-01-01,"Non-governmental Organization, Membership Organization",https://univcan.ca,,
Q5029859,,,,,,Canadian Civil Liberties Association,http://www.wikidata.org/entity/Q5029859,1964-01-01,Non-governmental organisation,https://ccla.org/,,
Q48747870,,,,,,Institut Tshakapesh,http://www.wikidata.org/entity/Q48747870,,Non-governmental organisation,http://tshakapesh.ca/,,
Q3407289,,,,,,Blue Planet Project,http://www.wikidata.org/entity/Q3407289,2000-01-01,Non-governmental organisation,http://www.blueplanetproject.net,,
Q15994965,,,,,,Canadian Society of Petroleum Geologists,http://www.wikidata.org/entity/Q15994965,1927-12-17,Non-governmental organisation,http://www.cspg.org/,,
Q7726765,,,,,,College of Family Physicians Canada,http://www.wikidata.org/entity/Q7726765,1954-01-01,Non-governmental organisation,http://www.cfpc.ca,,
Q56770713,,,,,,Association des biologistes du Québec,http://www.wikidata.org/entity/Q56770713,1974-03-21,Non-governmental organisation,https://www.abq.qc.ca/fr/,,
Q30293386,,,,,,Folklore Studies Association of Canada,http://www.wikidata.org/entity/Q30293386,1976-01-01,Non-governmental organisation,http://www.acef-fsac.ulaval.ca/,,
Q80208088,,,,,,Canadian Association of Stand-Up Comedians,http://www.wikidata.org/entity/Q80208088,2017-01-01,Non-governmental organisation,https://canadianstandup.ca/,,
Q12136231,,,,,,Olha Basarab Ukrainian Women’s Organization of Canada,http://www.wikidata.org/entity/Q12136231,1930-01-01,Non-governmental organisation,,,
Q5030612,,,,,,Canadian Taxpayers Federation,http://www.wikidata.org/entity/Q5030612,1989-01-01,Non-governmental organisation,https://taxpayer.com,,
Q4711833,,,,,,Alberta Teachers' Association,http://www.wikidata.org/entity/Q4711833,1918-01-01,Non-governmental organisation,https://www.teachers.ab.ca,,
Q101003175,,,,,,collectif Némésis,http://www.wikidata.org/entity/Q101003175,2003-01-01,Non-governmental organisation,,,
Q8038449,,,,,,The Writers' Union of Canada,http://www.wikidata.org/entity/Q8038449,1973-01-01,Non-governmental organisation,https://writersunion.ca,,
Q7888333,,,,,,United Nations Association in Canada,http://www.wikidata.org/entity/Q7888333,,Non-governmental organisation,,,
Q5030184,,,,,,Canadian Institute of Management,http://www.wikidata.org/entity/Q5030184,1942-01-01,Non-governmental organisation,http://www.cim.ca,,
Q108566324,,,,,,Women in Governance,http://www.wikidata.org/entity/Q108566324,2010-05-01,Non-governmental organisation,https://lagouvernanceaufeminin.org,,
Q537615,,,,,,Équiterre,http://www.wikidata.org/entity/Q537615,1993-01-01,Non-governmental organisation,http://www.equiterre.org,,
Q115502000,,,,,,Taking Back our Freedoms,http://www.wikidata.org/entity/Q115502000,,Non-governmental organisation,https://tbof.ca,,
Q5030185,,,,,,Canadian Institute of Planners,http://www.wikidata.org/entity/Q5030185,1919-01-01,Non-governmental organisation,http://www.cip-icu.ca,,
Q5570048,,,,,,GlobalMedic,http://www.wikidata.org/entity/Q5570048,1998-01-01,Non-governmental organisation,http://www.globalmedic.ca,,
Q5030086,,,,,,Canadian Health Libraries Association,http://www.wikidata.org/entity/Q5030086,,Non-governmental organisation,,,
Q7834859,,,,,,Transport Action Canada,http://www.wikidata.org/entity/Q7834859,,Non-governmental organisation,https://www.transportaction.ca,,
Q65052263,,,,,,Canadian Public Relations Society,http://www.wikidata.org/entity/Q65052263,,Non-governmental organisation,https://www.cprs.ca/,,
Q7094598,,,,,,Ontario Association of Architects,http://www.wikidata.org/entity/Q7094598,,Non-governmental organisation,http://www.oaa.on.ca/,,
Q5738820,,,,,,Heritage Foundation of Newfoundland and Labrador,http://www.wikidata.org/entity/Q5738820,,Non-governmental organisation,http://heritagefoundation.ca/,,
Q2944379,,,,,,United Way of Canada,http://www.wikidata.org/entity/Q2944379,1939-01-01,Non-governmental organisation,http://www.unitedway.ca/,,
Q20512626,,,Armenian Diaspora,,,Canadian branch of the Armenian Dat Committee,http://www.wikidata.org/entity/Q20512626,1970-01-01,Non-governmental organisation,,,
Q22340635,,,,,,Soldiers of Odin,http://www.wikidata.org/entity/Q22340635,2015-10-01,Non-governmental organisation,,,
Q106238487,,,,,,Vancouver Tenants Union,http://www.wikidata.org/entity/Q106238487,,Non-governmental organisation,https://www.vancouvertenantsunion.ca/,,
Q7338309,,,,,,Rivers Without Borders,http://www.wikidata.org/entity/Q7338309,1999-01-01,Non-governmental organisation,https://www.riverswithoutborders.org/,,
Q20513212,,,Armenian Diaspora,,,Tekean Cultural Society (Canada) or Tekeian Cultural Association (Canada),http://www.wikidata.org/entity/Q20513212,1965-01-01,Non-governmental organisation,,,
Q104699607,,,,,,Center québécois du droit de l'environnement,http://www.wikidata.org/entity/Q104699607,1989-01-01,Non-governmental organisation,https://www.cqde.org,,
Q3178118,,,,,,Canada World Youth,http://www.wikidata.org/entity/Q3178118,1971-01-01,Non-governmental organisation,https://jeunessecanadamonde.org/,,
Q30643599,,,,,,Pollution Probe,http://www.wikidata.org/entity/Q30643599,,Non-governmental organisation,https://www.pollutionprobe.org/,,
Q4810056,,,,,,Association of Science and Engineering Technology Professionals of Alberta,http://www.wikidata.org/entity/Q4810056,1963-08-01,Non-governmental organisation,https://aset.ab.ca/,,
Q20510975,,,Armenian Diaspora,,,New Generation Cultural Society (Toronto),http://www.wikidata.org/entity/Q20510975,1978-01-01,Non-governmental organisation,,,
Q902765,,,,,,International Union of Biochemistry and Molecular Biology,http://www.wikidata.org/entity/Q902765,1955-01-01,Non-governmental organisation,http://www.iubmb.org/,,
Q20508120,,,Armenian Diaspora,,,Mamikon Cultural Committee (Canada),http://www.wikidata.org/entity/Q20508120,1959-01-01,Non-governmental organisation,,,
Q115234507,,,,,,Canadian Frontline Nurses,http://www.wikidata.org/entity/Q115234507,2021-01-01,Non-governmental organisation,https://www.canadianfrontlinenurses.ca,,
Q16999561,,,,,,MiningWatch Canada,http://www.wikidata.org/entity/Q16999561,1999-01-01,Non-governmental organisation,http://www.miningwatch.ca/,,
Q20510292,,,Armenian Diaspora,,,Canadian Armenian Congress,http://www.wikidata.org/entity/Q20510292,1957-04-03,Non-governmental organisation,,,
Q6950144,,,,,,Métis National Council,http://www.wikidata.org/entity/Q6950144,1983-03-08,Non-governmental organisation,https://www2.metisnation.ca/,,
Q20512972,,,Armenian Diaspora,,,Montreal branch of the Armenian Relief Society,http://www.wikidata.org/entity/Q20512972,1957-01-01,Non-governmental organisation,,,
Q106810086,,,,,,"Canadian Society of Children's Authors, Illustrators and Performers",http://www.wikidata.org/entity/Q106810086,1977-01-01,Non-governmental organisation,https://www.canscaip.org/,,
Q16955235,,,,,,Canadian Association of Petroleum Producers,http://www.wikidata.org/entity/Q16955235,1992-01-01,Non-governmental organisation,http://www.capp.ca,,
Q2840418,,,A solidarity organization and a network of partners committed to supporting the voices of social movements,,,Alternatives,http://www.wikidata.org/entity/Q2840418,,Non-governmental organisation,http://www.alternatives.ca,,
Q20514120,,,Armenian Diaspora,,,Canadian Armenian Medical Association of Ontario,http://www.wikidata.org/entity/Q20514120,1988-01-01,Non-governmental organisation,http://acmao.com/,,
Q16034467,,,,,,Massimadi,http://www.wikidata.org/entity/Q16034467,2009-01-01,Non-governmental organisation,http://www.massimadi.be,,
Q7750576,,,,,,The MasterCard Foundation,http://www.wikidata.org/entity/Q7750576,2006-01-01,Non-governmental organisation,https://mastercardfdn.org/,,
Q111982681,,,,,,The Guild of Carillonneurs in North America,http://www.wikidata.org/entity/Q111982681,1936-09-03,Non-governmental organisation,https://www.gcna.org/,,
Q5030394,,,,,,Canadian Nurses Association,http://www.wikidata.org/entity/Q5030394,1908-01-01,Non-governmental organisation,https://www.cna-aiic.ca/,,
Q5029734,,,,,,Canadian Association of Speech-Language Pathologists and Audiologists,http://www.wikidata.org/entity/Q5029734,,Non-governmental organisation,http://www.sac-oac.ca,,
Q7094621,,,,,,Ontario Classical Association,http://www.wikidata.org/entity/Q7094621,1944-01-01,Non-governmental organisation,http://www.ontarioclassicalassociation.ca/,,
Q104858064,,,,,,True North Canada,http://www.wikidata.org/entity/Q104858064,,Non-governmental organisation,,,
Q12163708,,,,,,Ukrainian Catholic Press Association,http://www.wikidata.org/entity/Q12163708,1952-01-01,Non-governmental organisation,,,
Q104767385,,,,,,Association of English-language Publishers of Quebec,http://www.wikidata.org/entity/Q104767385,,Non-governmental organisation,http://aelaq.org,,
Q21679192,,,Armenian Diaspora,,,Istanbul Armenian Cultural Union,http://www.wikidata.org/entity/Q21679192,1967-01-01,Non-governmental organisation,,,
Q39047152,,,,,,Rainbow Railroad,http://www.wikidata.org/entity/Q39047152,2006-01-01,Non-governmental organisation,https://www.rainbowrailroad.org/,,
Q21438697,,,Armenian Diaspora,,,Quebec Armenological Studies Association,http://www.wikidata.org/entity/Q21438697,1982-01-01,Non-governmental organisation,,,
Q18160820,,,,,,Justice Centre for Constitutional Freedoms,http://www.wikidata.org/entity/Q18160820,2010-01-01,Non-governmental organisation,http://jccf.ca,,
Q5275151,,,,,,Dietitians of Canada,http://www.wikidata.org/entity/Q5275151,,Non-governmental organisation,https://www.dietitians.ca,,
Q27964465,,,,,,Canadian Manufacturers Association,http://www.wikidata.org/entity/Q27964465,1871-01-01,Non-governmental organisation,,,
Q115317545,,,,,,Ukrainian Catholic Women's League of Canada,http://www.wikidata.org/entity/Q115317545,1944-06-13,Non-governmental organisation,https://www.ucwlc.ca/,,
Q4212087,,,,,,HIV Legal Network,http://www.wikidata.org/entity/Q4212087,,Non-governmental organisation,http://www.aidslaw.ca/,,
Q110974468,,,,,,Association des bibliothécaires du Québec – Quebec Library Association (ABQLA),http://www.wikidata.org/entity/Q110974468,1932-05-30,Non-governmental organisation,https://abqla.qc.ca/fr/,,
Q12154870,,,,,,Union of Former Ukrainian Soldiers,http://www.wikidata.org/entity/Q12154870,1936-01-01,Non-governmental organisation,,,
Q28378956,,,,,,WikiConference North America User Group,http://www.wikidata.org/entity/Q28378956,2016-11-07,Non-governmental organisation,http://wikiconference.org/,,
Q1032096,,,,,,Canadian Film and Television Production Association,http://www.wikidata.org/entity/Q1032096,,Non-governmental organisation,,,
Q7896501,,,,,,University of Toronto Students' Union,http://www.wikidata.org/entity/Q7896501,1901-01-01,Non-governmental organisation,https://www.utsu.ca/,,
Q3091626,,,Federation of Public Service Employees,,,Fédération des employées et employés de services publics ,http://www.wikidata.org/entity/Q3091626,,Non-governmental organisation,,,
Q25691390,,,,,,Tiddukla Tadelsant Tamaziɣt di Ottawa-Hull,http://www.wikidata.org/entity/Q25691390,,Non-governmental organisation,http://www.acaoh.ca,,
Q111513643,,,,,,"Graduate Students' Union, University of Toronto",http://www.wikidata.org/entity/Q111513643,1964-01-01,Non-governmental organisation,,,
Q3152793,,,,,,Montreal Economic Institute,http://www.wikidata.org/entity/Q3152793,1987-01-01,Non-governmental organisation,http://www.iedm.org,,
Q2872628,,,,,,Les Automatistes,http://www.wikidata.org/entity/Q2872628,1940-01-01,Non-governmental organisation,,,
Q109301805,,,,,,Yellowhead Institute,http://www.wikidata.org/entity/Q109301805,2017-01-01,Non-governmental organisation,https://yellowheadinstitute.org/,,
Q7754330,,,,,,The North-South Institute,http://www.wikidata.org/entity/Q7754330,,Non-governmental organisation,http://www.nsi-ins.ca/,,
Q7550778,,,,,,Social Research and Demonstration Corporation,http://www.wikidata.org/entity/Q7550778,1991-01-01,Non-governmental organisation,http://www.srdc.org/,,
Q3092028,,,,,,National Federation of Teachers of Quebec,http://www.wikidata.org/entity/Q3092028,1969-01-01,Non-governmental organisation,http://www.fneeq.qc.ca/fr/accueil/,,
Q6508967,,,,,,League for Social Reconstruction,http://www.wikidata.org/entity/Q6508967,,Non-governmental organisation,,,
Q6906290,,,,,,Montreal Institute for Genocide and Human Rights Studies,http://www.wikidata.org/entity/Q6906290,,Non-governmental organisation,,,
Q1451353,,,,,,Fraser Institute,http://www.wikidata.org/entity/Q1451353,1974-01-01,Non-governmental organisation,https://www.fraserinstitute.org/,,
Q3153234,,,,,,International Basketball Association,http://www.wikidata.org/entity/Q3153234,1995-01-01,Non-governmental organisation,,,
Q925280,,,,,,Conference Board of Canada,http://www.wikidata.org/entity/Q925280,1954-01-01,Non-governmental organisation,http://www.conferenceboard.ca,,
Q5030195,,,,,,Canadian International Council,http://www.wikidata.org/entity/Q5030195,1928-01-01,Non-governmental organisation,https://thecic.org,,
Q16642960,,,,,,Institute for governance of private and public organizations,http://www.wikidata.org/entity/Q16642960,,Non-governmental organisation,https://igopp.org/,,
Q5440745,,,,,,Federation autonome du collegial,http://www.wikidata.org/entity/Q5440745,1988-06-01,Non-governmental organisation,,,
Q17110476,,,,,,National Union of Students,http://www.wikidata.org/entity/Q17110476,,Non-governmental organisation,,,
Q155223,,,,,,National Basketball Association,http://www.wikidata.org/entity/Q155223,1946-06-06,Non-governmental organisation,http://nba.com,,
Q6722964,,,,,,Macdonald-Laurier Institute,http://www.wikidata.org/entity/Q6722964,,Non-governmental organisation,,,
Q3091568,,,,,,FSSS-CSN,http://www.wikidata.org/entity/Q3091568,,Non-governmental organisation,http://www.fsss.qc.ca/,,
Q30596155,,,,,,Les Fermières Obsédées,http://www.wikidata.org/entity/Q30596155,2001-01-01,Non-governmental organisation,http://www.fermieresobsedees.com/,,
Q810343,,,,,,Basketball Association of America,http://www.wikidata.org/entity/Q810343,1946-06-06,Non-governmental organisation,,,
Q117085256,,,,,,Society of Yukon Artists of Native Ancestry,http://www.wikidata.org/entity/Q117085256,1989-07-13,Non-governmental organisation,,,
Q4806422,,,,,,Asia Pacific Foundation of Canada,http://www.wikidata.org/entity/Q4806422,1984-01-01,Non-governmental organisation,http://www.asiapacific.ca,,
Q5011677,,,,,,CIGI Campus,http://www.wikidata.org/entity/Q5011677,,Non-governmental organisation,http://www.cigicampus.org,,
Q5030484,,,,,,Canadian Policy Research Networks,http://www.wikidata.org/entity/Q5030484,1994-01-01,Non-governmental organisation,http://www.cprn.org,,
Q5062486,,,,,,Centre for International Governance Innovation,http://www.wikidata.org/entity/Q5062486,2001-01-01,Non-governmental organisation,http://cigionline.org,,
Q5301163,,,,,,Douglas-Coldwell Foundation,http://www.wikidata.org/entity/Q5301163,1971-01-01,Non-governmental organisation,http://dcf.ca,,
Q5333278,,,,,,Ecology Action Centre,http://www.wikidata.org/entity/Q5333278,1971-01-01,Non-governmental organisation,https://ecologyaction.ca/,,
Q2993810,,,,,,The Council of Canadians,http://www.wikidata.org/entity/Q2993810,1985-01-01,Non-governmental organisation,http://www.canadians.org/,,
Q5029245,,,,,,Canada's World,http://www.wikidata.org/entity/Q5029245,,Non-governmental organisation,http://www.canadasworld.ca,,
Q2116346,,,,,,Public Policy Forum,http://www.wikidata.org/entity/Q2116346,1987-01-01,Non-governmental organisation,http://ppforum.ca,,
Q17101245,,,,,,Cardus,http://www.wikidata.org/entity/Q17101245,1990-01-01,Non-governmental organisation,https://www.cardus.ca/,,
Q16955220,,,,,,Canadian American Strategic Review,http://www.wikidata.org/entity/Q16955220,,Non-governmental organisation,,,
Q17055960,,,,,,The SecDev Group,http://www.wikidata.org/entity/Q17055960,2006-01-01,Non-governmental organisation,,,
Q24190167,,,,,,Mowat Centre,http://www.wikidata.org/entity/Q24190167,2009-01-01,Non-governmental organisation,,,
Q16955202,,,,,,Canada West Foundation,http://www.wikidata.org/entity/Q16955202,1970-01-01,Non-governmental organisation,http://www.cwf.ca,,
Q7053776,,,,,,North American Forum on Integration,http://www.wikidata.org/entity/Q7053776,,Non-governmental organisation,,,
Q24190845,,,,,,Population Health Research Institute,http://www.wikidata.org/entity/Q24190845,,Non-governmental organisation,http://www.phri.ca/,,
Q17149517,,,,,,McMaster Students Union,http://www.wikidata.org/entity/Q17149517,,Non-governmental organisation,,,
Q4972041,,,,,,Broadbent Institute,http://www.wikidata.org/entity/Q4972041,2011-01-01,Non-governmental organisation,http://broadbentinstitute.ca,,
Q16250861,,,,,,Frontier Centre for Public Policy,http://www.wikidata.org/entity/Q16250861,1997-01-01,Non-governmental organisation,https://fcpp.org/,,
Q2068471,,,,,,Pembina Institute,http://www.wikidata.org/entity/Q2068471,1985-01-01,Non-governmental organisation,http://www.pembina.org/,,
Q116334573,,,,,,The International Court System,http://www.wikidata.org/entity/Q116334573,1965-01-01,Non-governmental organisation,https://internationalcourtsystem.org/,,
Q24191436,,,,,,Canadian Association of Optometrists,http://www.wikidata.org/entity/Q24191436,,"Medical Society, Non-governmental organisation",https://opto.ca/,,
Q5062631,,,,,,Centre for the Study of Democracy,http://www.wikidata.org/entity/Q5062631,,Non-governmental organisation,http://www.queensu.ca/csd,,
Q6039601,,,,,,Institute for Research on Public Policy,http://www.wikidata.org/entity/Q6039601,1972-01-01,Non-governmental organisation,https://irpp.org/,,
Q7981254,,,,,,Wellesley Institute,http://www.wikidata.org/entity/Q7981254,,Non-governmental organisation,http://www.wellesleyinstitute.com,,
Q24190733,,,,,,Canadian Veterinary Medical Association,http://www.wikidata.org/entity/Q24190733,1876-01-01,"Veterinary Medical Association, Non-governmental organisation",https://www.canadianveterinarians.net/,,
Q5570606,,,,,,Global Risk Institute in Financial Services,http://www.wikidata.org/entity/Q5570606,,Non-governmental organisation,http://www.globalriskinstitute.org,,
Q5029822,,,,,,Canadian Centre for Policy Alternatives,http://www.wikidata.org/entity/Q5029822,1980-01-01,Non-governmental organisation,https://policyalternatives.ca,,
Q5029940,,,,,,Canadian Defence and Foreign Affairs Institute,http://www.wikidata.org/entity/Q5029940,2001-01-01,Non-governmental organisation,http://www.cgai.ca,,
Q6724378,,,,,,Mackenzie Institute,http://www.wikidata.org/entity/Q6724378,1986-01-01,Non-governmental organisation,,,
Q536661,,,,,,C. D. Howe Institute,http://www.wikidata.org/entity/Q536661,1958-01-01,Non-governmental organisation,http://www.cdhowe.org,,
Q5029698,,,,,,Canadian Art Club,http://www.wikidata.org/entity/Q5029698,1907-01-01,Non-governmental organisation,,,
Q96374351,,,,,,Canadian Pork Council,http://www.wikidata.org/entity/Q96374351,,Non-governmental organisation,https://www.cpc-ccp.com/,,
Q5600676,,,,,,Greater Montreal Real Estate Board,http://www.wikidata.org/entity/Q5600676,,Non-governmental organisation,,,
Q7250843,,,,,,Prospectors & Developers Association of Canada,http://www.wikidata.org/entity/Q7250843,,Non-governmental organisation,http://www.pdac.ca/,,
Q550619,,,,,,Music Canada,http://www.wikidata.org/entity/Q550619,1964-01-01,Non-governmental organisation,https://musiccanada.com,,
Q26834348,,,,,,BookNet Canada,http://www.wikidata.org/entity/Q26834348,2002-01-01,Non-governmental organisation,http://www.booknetcanada.ca,,
Q117088461,,,,,,Yukon Theatre for Young People,http://www.wikidata.org/entity/Q117088461,1980-01-01,Non-governmental organisation,https://ytyp.ca/,,
Q5030384,,,,,,Canadian Newspaper Association,http://www.wikidata.org/entity/Q5030384,1996-01-01,Non-governmental organisation,,,
Q6865524,,,,,,Mining Industry Human Resources Council,http://www.wikidata.org/entity/Q6865524,1996-01-01,Non-governmental organisation,http://www.mihr.ca/en/,,
Q5029971,,,,,,Canadian Environmental Network,http://www.wikidata.org/entity/Q5029971,,Non-governmental organisation,https://www.rcen.ca/en/home,,
Q4929876,,,,,,Blue Sky Solar Racing,http://www.wikidata.org/entity/Q4929876,1995-01-01,Non-governmental organisation,https://www.blueskysolar.org/,,
Q3091484,,,,,,Canadian Federation of Students,http://www.wikidata.org/entity/Q3091484,1981-01-01,Non-governmental organisation,http://www.cfs-fcee.ca/,,
Q109300063,,,,,,Space Concordia,http://www.wikidata.org/entity/Q109300063,2010-01-01,Non-governmental organisation,,,
Q2840335,,,,,,AlterHeros,http://www.wikidata.org/entity/Q2840335,2002-01-01,Non-governmental organisation,http://www.alterheros.com/,,
Q16246173,,,,,,Beer Canada,http://www.wikidata.org/entity/Q16246173,1943-01-01,Non-governmental organisation,https://www.beercanada.com,,
Q104708969,,,,,,Association des auteurs de la Montérégie,http://www.wikidata.org/entity/Q104708969,,Non-governmental organisation,https://auteursmonteregie.com,,
Q98374244,,,,,,Prairie Debut,http://www.wikidata.org/entity/Q98374244,1995-01-01,Non-governmental organisation,http://prairiedebut.com/,,
Q100153535,,,,,,Association of Canadian Publishers,http://www.wikidata.org/entity/Q100153535,,Non-governmental organisation,https://publishers.ca,,
Q97405980,,,,,,Feet on the Street,http://www.wikidata.org/entity/Q97405980,,Non-governmental organisation,,,
Q117088315,,,,,,Yukon Social Service Society,http://www.wikidata.org/entity/Q117088315,1961-01-01,Non-governmental organisation,,,
Q3039957,,,,,,International Centre for Human Rights and Democratic Development,http://www.wikidata.org/entity/Q3039957,1988-01-01,Non-governmental organisation,,,
Q6970256,,,,,,National Airlines Council of Canada,http://www.wikidata.org/entity/Q6970256,,Non-governmental organisation,,,
Q7094922,,,,,,Independent Telecommunications Providers Association,http://www.wikidata.org/entity/Q7094922,,Non-governmental organisation,http://www.itpa.ca/,,
Q117348198,,,,,,Black Action Defence Committee,http://www.wikidata.org/entity/Q117348198,1988-01-01,Non-governmental organisation,,,
Q6970352,,,,,,National Angel Capital Organization,http://www.wikidata.org/entity/Q6970352,2002-01-01,Non-governmental organisation,https://www.nacocanada.com/,,
Q16955263,,,,,,Canadian Federation of Humane Societies,http://www.wikidata.org/entity/Q16955263,,Non-governmental organisation,http://cfhs.ca/,,
Q7019796,,,,,,News Media Canada,http://www.wikidata.org/entity/Q7019796,2016-01-01,Non-governmental organisation,https://nmc-mic.ca/,,
Q5029676,,,,,,Canadian Alliance of Student Associations,http://www.wikidata.org/entity/Q5029676,1995-01-01,Non-governmental organisation,http://www.casa-acae.com,,
Q104536842,,,,,,Sudbury Art Club,http://www.wikidata.org/entity/Q104536842,1945-05-01,Non-governmental organisation,http://sudburyartclub.blogspot.com/,,
Q43896773,,,,,,Children's Aid Society,http://www.wikidata.org/entity/Q43896773,1875-01-01,Non-governmental organisation,http://www.torontocas.ca/,,
Q104384120,,,,,,Groupe interdisciplinaire de recherche en archivistique (GIRA),http://www.wikidata.org/entity/Q104384120,1987-01-01,Non-governmental organisation,http://gira-archives.org/,,
Q104625794,,,,,,Natural History Society of New Brunswick,http://www.wikidata.org/entity/Q104625794,,Non-governmental organisation,,,
Q5030376,,,,,,Canadian Network Operators Consortium,http://www.wikidata.org/entity/Q5030376,,Non-governmental organisation,http://www.cnoc.ca/,,
Q5030656,,,,,,Canadian Urban Transit Association,http://www.wikidata.org/entity/Q5030656,,Non-governmental organisation,https://cutaactu.ca,,
Q101542420,,,,,,Literary Press Group Of Canada,http://www.wikidata.org/entity/Q101542420,1975-01-01,Non-governmental organisation,https://www.lpg.ca/,,
Q21188727,,,,,,Phi Kappa Pi Fraternity,http://www.wikidata.org/entity/Q21188727,,Non-governmental organisation,,,
Q7373897,,,,,,Royal Canadian Marine Search and Rescue,http://www.wikidata.org/entity/Q7373897,1978-01-01,Non-governmental organisation,https://rcmsar.com/,,
Q47505021,,,,,,MTL Museums,http://www.wikidata.org/entity/Q47505021,,Non-governmental organisation,https://museesmontreal.org/,,
Q117816020,,,,,,Saskatchewan Natural History Society,http://www.wikidata.org/entity/Q117816020,,Non-governmental organisation,,,
Q4810108,,,,,,Association of United Ukrainian Canadians,http://www.wikidata.org/entity/Q4810108,,Non-governmental organisation,,,
Q106823939,,,,,,Manitoba Arts Network,http://www.wikidata.org/entity/Q106823939,1984-08-27,"Charitable Organization, Performing Arts Association, Non-governmental organisation",https://manitobaartsnetwork.ca,,
Q111445248,,,,,,The Centre for Women and Trans People,http://www.wikidata.org/entity/Q111445248,,Non-governmental organisation,http://womenscentre.sa.utoronto.ca/,,
Q7094914,,,,,,Ontario Student Classics Conference,http://www.wikidata.org/entity/Q7094914,,Non-governmental organisation,http://www.classicsconference.org/,,
Q71859307,,,,,,Ontario Presents,http://www.wikidata.org/entity/Q71859307,,Non-governmental organisation,https://ontariopresents.ca/,,
Q7300899,,,,,,Real Estate Board of Greater Vancouver,http://www.wikidata.org/entity/Q7300899,,Non-governmental organisation,,,
Q7984827,,,,,,West Coast Railway Association,http://www.wikidata.org/entity/Q7984827,,Non-governmental organisation,,,
Q6942967,,,,,,Muslim Students' Association,http://www.wikidata.org/entity/Q6942967,1963-01-01,Non-governmental organisation,http://msanational.org/,,
Q1354096,,,,,,Internet Governance Forum,http://www.wikidata.org/entity/Q1354096,2006-07-01,Non-governmental organisation,http://www.intgovforum.org/,,
Q105725891,,,Religious Heritage Society of the Diocese of Saint-Hyacinthe,,,Société du patrimoine religieux du diocèse de Saint-Hyacinthe ,http://www.wikidata.org/entity/Q105725891,1995-01-01,Non-governmental organisation,https://www.prah.org/,,
Q112570775,,,,,,SPARC Network,http://www.wikidata.org/entity/Q112570775,,Non-governmental organisation,https://www.sparcperformingarts.com,,
Q5339028,,,,,,Edmonton Contemporary Artists' Society,http://www.wikidata.org/entity/Q5339028,1993-01-01,Non-governmental organisation,,,
Q6971502,,,,,,National Citizens Coalition,http://www.wikidata.org/entity/Q6971502,,Non-governmental organisation,https://nationalcitizens.ca/,,
Q7144883,,,,,,Pathway patrol,http://www.wikidata.org/entity/Q7144883,,Non-governmental organisation,,,
Q3875652,,,,,,News Media Alliance,http://www.wikidata.org/entity/Q3875652,1992-01-01,Non-governmental organisation,https://www.newsmediaalliance.org/,,
Q6941408,,,,,,MusicNL,http://www.wikidata.org/entity/Q6941408,,Non-governmental organisation,http://www.musicnl.ca/,,
Q7439443,,,,,,Sculptors Society of Canada,http://www.wikidata.org/entity/Q7439443,,Non-governmental organisation,,,
Q72193736,,,,,,Atlantic Presenters Association,http://www.wikidata.org/entity/Q72193736,,"Creative Industries, Performing Arts Association, Non-governmental organisation",https://atlanticpresenters.ca,,
Q5030313,,,,,,Canadian Meat Council,http://www.wikidata.org/entity/Q5030313,1919-01-01,Non-governmental organisation,https://cmc-cvc.com/,,
Q5030164,,,,,,Canadian Independent Telephone Association,http://www.wikidata.org/entity/Q5030164,1905-01-01,Non-governmental organisation,https://www.cita.ca/,,
Q7094790,,,,,,Ontario Hospital Association,http://www.wikidata.org/entity/Q7094790,,Non-governmental organisation,http://www.oha.com/,,
Q2997680,,,,,,Urgences-santé,http://www.wikidata.org/entity/Q2997680,1981-01-01,Non-governmental organisation,http://www.urgences-sante.qc.ca/,,
Q5029671,,,,,,Canadian Airports Council,http://www.wikidata.org/entity/Q5029671,1991-01-01,Non-governmental organisation,http://www.canadasairports.ca/,,
Q112065150,,,,,,Canadian Association of Professional Speakers,http://www.wikidata.org/entity/Q112065150,,Non-governmental organisation,https://www.canadianspeakers.org/,,
Q7284132,,,,,,Railway Association of Canada,http://www.wikidata.org/entity/Q7284132,,Non-governmental organisation,https://www.railcan.ca,,
Q54912657,,,,,,The Candance Network,http://www.wikidata.org/entity/Q54912657,,Non-governmental organisation,https://www.candance.ca/,,
Q26849154,,,,,,The British Columbia Society for the Prevention of Cruelty to Animals,http://www.wikidata.org/entity/Q26849154,1959-01-01,Non-governmental organisation,http://spca.bc.ca/,,
Q57174837,,,,,,Ladies' Morning Musical Club,http://www.wikidata.org/entity/Q57174837,1892-01-01,Non-governmental organisation,,,
Q65078910,,,,,,Association des radiodiffuseurs communautaires du Québec,http://www.wikidata.org/entity/Q65078910,,Non-governmental organisation,http://radiovision.ca/,,
Q1032046,,,,,,Canadian Bankers Association,http://www.wikidata.org/entity/Q1032046,,Non-governmental organisation,https://www.cba.ca/,,
Q39079179,,,,,,Intermedia,http://www.wikidata.org/entity/Q39079179,1967-01-01,Non-governmental organisation,,,
Q11734722,,,,,,Canadian Group of Painters,http://www.wikidata.org/entity/Q11734722,1933-01-01,Non-governmental organisation,,,
Q105725430,,,,,,"Women Against Pornography, Victoria Branch",http://www.wikidata.org/entity/Q105725430,,Non-governmental organisation,,,
Q1032081,,,,,,Canadian Collegiate Athletic Association,http://www.wikidata.org/entity/Q1032081,1974-01-01,Non-governmental organisation,http://www.ccaa.ca/splash/index,,
Q76824932,,,,,,"McGill Graduate School of Library and Information Studies, Student Association",http://www.wikidata.org/entity/Q76824932,,Non-governmental organisation,,,
Q4969770,,,,,,British Columbia Technology Industry Association,http://www.wikidata.org/entity/Q4969770,1993-01-01,Non-governmental organisation,http://www.wearebctech.com/,,
Q75640653,,,,,,BC Touring Council,http://www.wikidata.org/entity/Q75640653,1976-01-01,"Charitable Organization, Performing Arts Association, Non-governmental organisation",http://www.bctouring.org,,
Q7987672,,,,,,Western Canadian Wheat Growers Association,http://www.wikidata.org/entity/Q7987672,,Non-governmental organisation,https://wheatgrowers.ca/,,
Q107251989,,,,,,Canadian Organization for Campus Activities,http://www.wikidata.org/entity/Q107251989,,Non-governmental organisation,https://coca.org,,
Q117185235,,,,,,Agrivoltaics Canada,http://www.wikidata.org/entity/Q117185235,,Non-governmental organisation,https://agrivoltaicscanada.ca/,,
Q5030521,,,,,,Canadian Red Cross,http://www.wikidata.org/entity/Q5030521,1896-01-01,Non-governmental organisation,https://www.croixrouge.ca,,
Q82347111,,,,,,University of Toronto Students for Life,http://www.wikidata.org/entity/Q82347111,,Non-governmental organisation,https://www.utsfl.ca/,,
Q98372422,,,,,,Organization of Saskatchewan Arts Councils,http://www.wikidata.org/entity/Q98372422,1968-01-01,Non-governmental organisation,https://www.osac.ca,,
Q1143311,,,,,,International Centre for the Prevention of Crime,http://www.wikidata.org/entity/Q1143311,,"Scientific Society, Non-governmental organisation",,,
Q16890792,,,,,,Vancouver Nighthawks (MLU),http://www.wikidata.org/entity/Q16890792,2013-01-01,Non-governmental organisation,,,
Q7378233,,,,,,Rugby Nova Scotia,http://www.wikidata.org/entity/Q7378233,,Non-governmental organisation,http://www.rugbyns.ns.ca/,,
Q2566807,,,,,,Whistler Mountain Ski Club,http://www.wikidata.org/entity/Q2566807,,Non-governmental organisation,,,
Q65090007,,,,,,Sigma FC,http://www.wikidata.org/entity/Q65090007,,Non-governmental organisation,,,
Q2979799,,,,,,Club aquatique Lasalle aquatique club,http://www.wikidata.org/entity/Q2979799,,Non-governmental organisation,,,
Q3784697,,,,,,Hells Angels,http://www.wikidata.org/entity/Q3784697,,Non-governmental organisation,,,
Q67277118,,,,,,Entomological Society of British Columbia,http://www.wikidata.org/entity/Q67277118,1902-01-01,"Scientific Society, Open-access Publisher, Non-governmental organisation",http://entsocbc.ca/,,
Q3417650,,,,,,Ontario Raiders,http://www.wikidata.org/entity/Q3417650,1998-01-01,Non-governmental organisation,,,
Q30753729,,,Quebec Society for the History of Pharmacy,,,Société québécoise d'histoire de la pharmacie,http://www.wikidata.org/entity/Q30753729,,"Scientific Society, Non-governmental organisation",http://www.sqhp.pha.ulaval.ca/,,
Q3322925,,,,,,Montreal Lacrosse Club,http://www.wikidata.org/entity/Q3322925,1856-01-01,Non-governmental organisation,,,
Q55594506,,,,,,Altius Nordic Ski Club,http://www.wikidata.org/entity/Q55594506,,Non-governmental organisation,,,
Q7761686,,,,,,Royal Glenora Club,http://www.wikidata.org/entity/Q7761686,1961-01-01,Non-governmental organisation,https://royalglenora.com/,,
Q5177251,,,,,,Country Club of Montreal,http://www.wikidata.org/entity/Q5177251,,Non-governmental organisation,,,
Q16708713,,,,,,Shevchenko Scientific Society in Canada,http://www.wikidata.org/entity/Q16708713,1949-01-01,"Scientific Society, Non-governmental organisation",http://www.ntsh.ca,,
Q5644958,,,,,,Hamilton Golf and Country Club,http://www.wikidata.org/entity/Q5644958,,Non-governmental organisation,,,
Q7302111,,,,,,Rebels Motorcycle Club,http://www.wikidata.org/entity/Q7302111,,Non-governmental organisation,,,
Q15906916,,,,,,The Granite Club,http://www.wikidata.org/entity/Q15906916,1875-01-01,Non-governmental organisation,,,
Q20712619,,,,,,Vancouver Riptide,http://www.wikidata.org/entity/Q20712619,2013-01-01,Non-governmental organisation,,,
Q64555972,,,,,,Al Burhan,http://www.wikidata.org/entity/Q64555972,2016-11-26,"Academy, Non-governmental organisation",https://al-burhan.org/,,
Q55239284,,,,,,Winnipeg Institute for Theoretical Physics,http://www.wikidata.org/entity/Q55239284,,"Scientific Society, Non-governmental organisation",http://www2.physics.umanitoba.ca/u/witp/index.html,,
Q107122820,,,,,,Paradise Soccer Club,http://www.wikidata.org/entity/Q107122820,,Non-governmental organisation,http://pysa.ca/,,
Q60775375,,,,,,Halifax Thunderbirds,http://www.wikidata.org/entity/Q60775375,,Non-governmental organisation,https://www.halifaxthunderbirds.com,,
Q109827462,,,,,,Acadian Entomological Society,http://www.wikidata.org/entity/Q109827462,,"Scientific Society, Non-governmental organisation",https://www.acadianes.ca/,,
Q7989435,,,,,,Weston Golf and Country Club,http://www.wikidata.org/entity/Q7989435,,Non-governmental organisation,,,
Q24191170,,,,,,Ottawa River Canoe Club,http://www.wikidata.org/entity/Q24191170,,Non-governmental organisation,,,
Q24521599,,,,,,University of Toronto Karate Club,http://www.wikidata.org/entity/Q24521599,,Non-governmental organisation,,,
Q14875556,,,,,,Mount Bruno Golf Club,http://www.wikidata.org/entity/Q14875556,,Non-governmental organisation,,,
Q15924643,,,,,,Northview Golf & Country Club,http://www.wikidata.org/entity/Q15924643,,Non-governmental organisation,,,
Q111339543,,,,,,Riverside Badminton and Tennis Club,http://www.wikidata.org/entity/Q111339543,,Non-governmental organisation,,,
Q7587514,,,,,,St. Charles Country Club,http://www.wikidata.org/entity/Q7587514,,Non-governmental organisation,,,
Q4532104,,,,,,Entomological Society of Canada,http://www.wikidata.org/entity/Q4532104,1863-04-16,"Scientific Society, Non-governmental organisation",http://www.esc-sec.ca/,,
Q96338605,,,,,,Entomological Society of Manitoba,http://www.wikidata.org/entity/Q96338605,1945-01-01,"Scientific Society, Non-governmental organisation",https://home.cc.umanitoba.ca/~fieldspg/,,
Q7826328,,,,,,"Toronto Cricket, Skating and Curling Club",http://www.wikidata.org/entity/Q7826328,1957-01-01,Non-governmental organisation,https://torontocricketclub.com/,,
Q7094889,,,,,,Ontario Rugby Union,http://www.wikidata.org/entity/Q7094889,,Non-governmental organisation,http://www.rugbyontario.com/,,
Q14875145,,,,,,Essex Golf & Country Club,http://www.wikidata.org/entity/Q14875145,,Non-governmental organisation,,,
Q1420672,,,,,,Royal Montreal Golf Club,http://www.wikidata.org/entity/Q1420672,1873-01-01,Non-governmental organisation,http://www.rmgc.org,,
Q111291387,,,,,,Vancouver Lawn Tennis and Badminton Club,http://www.wikidata.org/entity/Q111291387,,Non-governmental organisation,,,
Q7430254,,,,,,Scarboro Golf and Country Club,http://www.wikidata.org/entity/Q7430254,,Non-governmental organisation,https://scarborogolf.com/,,
Q1573515,,,,,,Hamilton Nationals,http://www.wikidata.org/entity/Q1573515,2009-01-01,Non-governmental organisation,http://www.nationalslacrosse.com/,,
Q105721874,,,,,,Club Nordique MSA,http://www.wikidata.org/entity/Q105721874,1967-01-01,Non-governmental organisation,https://clubnordiquemsa.com/,,
Q17036122,,,,,,Society of Canadian Ornithologists,http://www.wikidata.org/entity/Q17036122,1983-01-01,"Scientific Society, Non-governmental organisation",http://www.sco-soc.ca/,,
Q15728461,,,,,,Thornhill Golf and Country Club,http://www.wikidata.org/entity/Q15728461,,Non-governmental organisation,,,
Q15729473,,,,,,Summerlea Golf & Country Club,http://www.wikidata.org/entity/Q15729473,,Non-governmental organisation,,,
Q5169341,,,,,,Coquitlam Cheetahs,http://www.wikidata.org/entity/Q5169341,1962-01-01,Non-governmental organisation,,,
Q3016998,,,,,,Montreal AAA,http://www.wikidata.org/entity/Q3016998,1881-01-01,Non-governmental organisation,,,
Q6878998,,,,,,Mississaugua Golf & Country Club,http://www.wikidata.org/entity/Q6878998,,Non-governmental organisation,,,
Q116829559,,,,,,Edmonton Sled Dogs,http://www.wikidata.org/entity/Q116829559,,Non-governmental organisation,,,
Q16852412,,,,,,Toronto Maple Leafs,http://www.wikidata.org/entity/Q16852412,1966-01-01,Non-governmental organisation,,,
Q45132445,,,,,,Network for Oral and Bone Health Research,http://www.wikidata.org/entity/Q45132445,,Non-governmental organisation,,,
Q45136753,,,,,,"Lung Association, Alberta and NWT",http://www.wikidata.org/entity/Q45136753,,Non-governmental organisation,,,
Q24708059,,,,,,Hollyburn Country Club,http://www.wikidata.org/entity/Q24708059,,Non-governmental organisation,,,
Q15727917,,,,,,Lambton Golf Club,http://www.wikidata.org/entity/Q15727917,1902-01-01,Non-governmental organisation,http://www.lambtongolf.com,,
Q110928992,,,,,,Stoneham Ski Club,http://www.wikidata.org/entity/Q110928992,,Non-governmental organisation,https://clubskistoneham.qc.ca/,,
Q2867856,,,,,,Quebec Mathematical Association,http://www.wikidata.org/entity/Q2867856,1958-06-05,"Scientific Society, Non-governmental organisation",https://www.amq.math.ca/,,
Q121069070,,,,,,Calgary Winter Club,http://www.wikidata.org/entity/Q121069070,,Non-governmental organisation,,,
Q5019631,,,,,,Calgary 88's,http://www.wikidata.org/entity/Q5019631,1988-01-01,Non-governmental organisation,,,
Q45135077,,,,,,International Society of Oncology Pharmacy Practitioners,http://www.wikidata.org/entity/Q45135077,,Non-governmental organisation,,,
Q45135371,,,,,,Alberta Cancer Board,http://www.wikidata.org/entity/Q45135371,,Non-governmental organisation,,,
Q5029697,,,,,,Canadian Army Veteran Motorcycle Units,http://www.wikidata.org/entity/Q5029697,2003-01-01,Non-governmental organisation,,,
Q27670011,,,,,,Northern Yacht Club,http://www.wikidata.org/entity/Q27670011,1924-01-01,Non-governmental organisation,,,
Q5339095,,,,,,Edmonton Skyhawks,http://www.wikidata.org/entity/Q5339095,1993-01-01,Non-governmental organisation,,,
Q15904102,,,,,,The Riverside Country Club,http://www.wikidata.org/entity/Q15904102,,Non-governmental organisation,,,
Q15910360,,,,,,St. Georges Golf & Country Club,http://www.wikidata.org/entity/Q15910360,,Non-governmental organisation,,,
Q116907434,,,,,,Black Engineers of Canada,http://www.wikidata.org/entity/Q116907434,2020-01-01,Non-governmental organisation,https://www.blackengineers.ca/,,
Q48799949,,,,,,Nanaimo Curling Club,http://www.wikidata.org/entity/Q48799949,1947-01-01,Non-governmental organisation,,,
Q21189750,,,,,,Saskatchewan Rush,http://www.wikidata.org/entity/Q21189750,2015-01-01,Non-governmental organisation,http://www.saskrush.com/,,
Q28233308,,,,,,Fort Rouge Curling Club,http://www.wikidata.org/entity/Q28233308,1915-01-01,Non-governmental organisation,https://curlfortrouge.ca/,,
Q56291779,,,,,,Canadian Society of Microbiologists,http://www.wikidata.org/entity/Q56291779,,"Scientific Society, Non-governmental organisation",https://www.csm-scm.org/,,
Q20712612,,,,,,Vancouver Balloholics,http://www.wikidata.org/entity/Q20712612,,Non-governmental organisation,,,
Q107901905,,,,,,Blue Knights International Law Enforcement Motorcycle Club,http://www.wikidata.org/entity/Q107901905,1980-01-01,Non-governmental organisation,https://www.blueknights.org/,,
Q116782857,,,,,,Banff Alpine Racers,http://www.wikidata.org/entity/Q116782857,1978-01-01,Non-governmental organisation,https://banffalpineracers.com/,,
Q7826276,,,,,,Toronto Balmy Beach Beachers,http://www.wikidata.org/entity/Q7826276,1924-01-01,Non-governmental organisation,,,
Q94301,,,,,,Royal Society of Canada,http://www.wikidata.org/entity/Q94301,1882-01-01,"Academy Of Sciences, Non-governmental organisation",https://rsc-src.ca/fr,,
Q7490751,,,,,,Shaughnessy Golf & Country Club,http://www.wikidata.org/entity/Q7490751,,Non-governmental organisation,http://www.shaughnessy.org/,,
Q45132939,,,,,,Canadian Cancer Society Research Institute,http://www.wikidata.org/entity/Q45132939,,Non-governmental organisation,,,
Q45134139,,,,,,Wild Sheep Society of British Columbia,http://www.wikidata.org/entity/Q45134139,,Non-governmental organisation,,,
Q45135035,,,,,,Bone and Joint Decade Canada,http://www.wikidata.org/entity/Q45135035,,Non-governmental organisation,,,
Q5339088,,,,,,Edmonton Rugby Foot-ball Club,http://www.wikidata.org/entity/Q5339088,1907-01-01,Non-governmental organisation,,,
Q5030373,,,,,,Canadian Nautical Research Society,http://www.wikidata.org/entity/Q5030373,1982-01-01,"Scientific Society, Non-governmental organisation",http://www.cnrs-scrn.org/,,
Q61901153,,,,,,Lappe Nordic,http://www.wikidata.org/entity/Q61901153,,Non-governmental organisation,https://www.lappenordic.ca/,,
Q3453366,,,,,,Edmonton Rush,http://www.wikidata.org/entity/Q3453366,2005-01-01,Non-governmental organisation,http://www.edmontonrush.com/,,
Q15728487,,,,,,Westmount Golf & Country Club,http://www.wikidata.org/entity/Q15728487,1929-06-17,Non-governmental organisation,http://www.westmountgolf.com/,,
Q203832,,,,,,Cornwall Aces,http://www.wikidata.org/entity/Q203832,1993-01-01,Non-governmental organisation,,,
Q1476025,,,,,,Toronto Rock,http://www.wikidata.org/entity/Q1476025,1998-01-01,Non-governmental organisation,http://www.torontorock.com/,,
Q45132518,,,,,,Quebec Bio-Imaging Network,http://www.wikidata.org/entity/Q45132518,,Non-governmental organisation,,,
Q45133610,,,,,,Watershed Watch Salmon Society,http://www.wikidata.org/entity/Q45133610,,Non-governmental organisation,,,
Q45134732,,,,,,Pediatric Glaucoma and Cataract Family Association,http://www.wikidata.org/entity/Q45134732,,Non-governmental organisation,,,
Q27527455,,,,,,Belleville Senators,http://www.wikidata.org/entity/Q27527455,2016-01-01,Non-governmental organisation,http://www.bellevillesens.com,,
Q111339563,,,,,,Atwater Club,http://www.wikidata.org/entity/Q111339563,,Non-governmental organisation,,,
Q107123358,,,,,,Conception Bay South Strikers FC,http://www.wikidata.org/entity/Q107123358,,Non-governmental organisation,http://cbssoccer.com/,,
Q7989662,,,,,,Westshore Rebels,http://www.wikidata.org/entity/Q7989662,,Non-governmental organisation,http://www.westshorerebels.ca/,,
Q647466,,,,,,Vancouver Ravens,http://www.wikidata.org/entity/Q647466,2002-01-01,Non-governmental organisation,,,
Q19691988,,,,,,Manitoba Historical Society,http://www.wikidata.org/entity/Q19691988,1879-01-01,"Historical Society, Non-governmental organisation",http://www.mhs.mb.ca,,
Q45132607,,,,,,Canadian Association of Pharmacy in Oncology,http://www.wikidata.org/entity/Q45132607,,Non-governmental organisation,,,
Q53678051,,,,,,Milton Public Library,http://www.wikidata.org/entity/Q53678051,,Non-governmental organisation,http://www.mpl.on.ca,,
Q85766648,,,,,,Cumberland Public Libraries,http://www.wikidata.org/entity/Q85766648,,Non-governmental organisation,http://www.cumberlandpubliclibraries.ca,,
Q85694696,,,,,,Pender Island Public Library,http://www.wikidata.org/entity/Q85694696,,Non-governmental organisation,,,
Q7074256,,,,,,Oakville Public Library,http://www.wikidata.org/entity/Q7074256,,Non-governmental organisation,http://www.opl.on.ca,,
Q5019701,,,,,,Calgary Public Library,http://www.wikidata.org/entity/Q5019701,1912-01-01,Non-governmental organisation,https://calgarylibrary.ca/,,
Q7190825,,,,,,Pickering Public Library,http://www.wikidata.org/entity/Q7190825,,Non-governmental organisation,http://www.picnet.org,,
Q2901505,,,,,,Ottawa Public Library,http://www.wikidata.org/entity/Q2901505,,Non-governmental organisation,https://biblioottawalibrary.ca/en,,
Q76828420,,,,,,Jean-Léon Allie Library,http://www.wikidata.org/entity/Q76828420,,Non-governmental organisation,https://ustpaul.ca/jean-leon-allie-omi-library.php,,
Q7987763,,,,,,Western Counties Regional Library,http://www.wikidata.org/entity/Q7987763,1969-01-01,Non-governmental organisation,http://www.westerncounties.ca,,
Q7994175,,,,,,Whitby Public Library,http://www.wikidata.org/entity/Q7994175,,Non-governmental organisation,http://www.whitbylibrary.ca,,
Q56530303,,,,,,Etobicoke Public Library,http://www.wikidata.org/entity/Q56530303,1950-01-01,Non-governmental organisation,,,
Q53677916,,,,,,Elgin County Library,http://www.wikidata.org/entity/Q53677916,,Non-governmental organisation,http://www.elgincounty.ca/library,,
Q53678096,,,,,,Oxford County Library,http://www.wikidata.org/entity/Q53678096,,Non-governmental organisation,http://www.ocl.net,,
Q53678254,,,,,,Trent Lakes Library System,http://www.wikidata.org/entity/Q53678254,,Non-governmental organisation,http://www.trentlakeslibrary.ca,,
Q53678302,,,,,,Region of Waterloo Library,http://www.wikidata.org/entity/Q53678302,,Non-governmental organisation,https://rwlibrary.ca/,,
Q53677843,,,,,,Bruce County Public Library,http://www.wikidata.org/entity/Q53677843,,Non-governmental organisation,http://library.brucecounty.on.ca,,
Q53677914,,,,,,East Gwillimbury Public Library,http://www.wikidata.org/entity/Q53677914,,Non-governmental organisation,http://www.egpl.ca,,
Q53678083,,,,,,Oliver Paipoonge Public Library,http://www.wikidata.org/entity/Q53678083,,Non-governmental organisation,http://www.olsn.ca/oplibrary,,
Q53678114,,,,,,Prince Edward County Public Library,http://www.wikidata.org/entity/Q53678114,,Non-governmental organisation,http://www.peclibrary.org,,
Q53678185,,,,,,St. Catharines Public Library,http://www.wikidata.org/entity/Q53678185,,Non-governmental organisation,http://www.stcatharines.library.on.ca,,
Q105675622,,,,,,Brooklin Library Branch,http://www.wikidata.org/entity/Q105675622,2010-11-01,Non-governmental organisation,https://www.whitbylibrary.ca/,,
Q17513328,,,,,,Okanagan Regional Library District,http://www.wikidata.org/entity/Q17513328,1936-01-01,Non-governmental organisation,,,
Q77269657,,,,,,Réseau des bibliothèques publiques de Longueuil,http://www.wikidata.org/entity/Q77269657,,Non-governmental organisation,https://www.longueuil.quebec/fr/services/bibliotheques,,
Q5169350,,,,,,Coquitlam Public Library,http://www.wikidata.org/entity/Q5169350,1969-01-01,Non-governmental organisation,http://www.coqlibrary.ca/,,
Q58007600,,,,,,University of Manitoba Libraries,http://www.wikidata.org/entity/Q58007600,,Non-governmental organisation,http://umanitoba.ca/libraries/,,
Q7985753,,,,,,West Lincoln Public Library,http://www.wikidata.org/entity/Q7985753,,Non-governmental organisation,http://www.westlincolnlibrary.ca,,
Q105410593,,,,,,Toronto School of Theology Libraries,http://www.wikidata.org/entity/Q105410593,,Non-governmental organisation,,,
Q615156,,,,,,Bibliothèque de Laval,http://www.wikidata.org/entity/Q615156,1959-01-01,Non-governmental organisation,http://www.biblio.ville.laval.qc.ca/,,
Q63649446,,,,,,Bibliothèques de l'Université de Montréal,http://www.wikidata.org/entity/Q63649446,,Non-governmental organisation,https://bib.umontreal.ca/,,
Q85509698,,,,,,Newfoundland and Labrador Public Libraries,http://www.wikidata.org/entity/Q85509698,1935-01-01,Non-governmental organisation,https://www.nlpl.ca/,,
Q57056519,,,,,,UQAM Library Service,http://www.wikidata.org/entity/Q57056519,,Non-governmental organisation,https://bibliotheques.uqam.ca/bibliotheques/,,
Q2901516,,,,,,Toronto Public Library,http://www.wikidata.org/entity/Q2901516,,Non-governmental organisation,https://www.torontopubliclibrary.ca,,
Q57942111,,,,,,University of Ottawa Library,http://www.wikidata.org/entity/Q57942111,,Non-governmental organisation,https://biblio.uottawa.ca/,,
Q7896490,,,,,,University of Toronto Libraries,http://www.wikidata.org/entity/Q7896490,,Non-governmental organisation,https://onesearch.library.utoronto.ca/,,
Q48785315,,,,,,Port Hope Public Library,http://www.wikidata.org/entity/Q48785315,,Non-governmental organisation,http://www.phpl.ca,,
Q20006960,,,,,,Waterloo Public Library,http://www.wikidata.org/entity/Q20006960,,Non-governmental organisation,http://www.wpl.ca,,
Q4999596,,,,,,Burnaby Public Library,http://www.wikidata.org/entity/Q4999596,1954-01-01,Non-governmental organisation,http://bpl.bc.ca/,,
Q8024681,,,,,,Windsor Public Library,http://www.wikidata.org/entity/Q8024681,1894-01-01,Non-governmental organisation,https://www.windsorpubliclibrary.com,,
Q16982602,,,,,,Greater Sudbury Public Library,http://www.wikidata.org/entity/Q16982602,,Non-governmental organisation,https://www.sudburylibraries.ca/en/,,
Q53677833,,,,,,Brantford Public Library,http://www.wikidata.org/entity/Q53677833,,Non-governmental organisation,http://brantford.library.on.ca,,
Q53677851,,,,,,Idea Exchange Library System,http://www.wikidata.org/entity/Q53677851,,Non-governmental organisation,http://www.ideaexchange.org,,
Q53677917,,,,,,Elizabethtown – Kitley Public Library,http://www.wikidata.org/entity/Q53677917,,Non-governmental organisation,http://www.elizabethtown-kitley.on.ca/content/public-library,,
Q53677882,,,,,,Clarington Public Library,http://www.wikidata.org/entity/Q53677882,,Non-governmental organisation,https://www.clarington-library.on.ca,,
Q53677958,,,,,,Haldimand County Public Library,http://www.wikidata.org/entity/Q53677958,,Non-governmental organisation,http://library.haldimandcounty.on.ca,,
Q53678075,,,,,,Norfolk County Public Library,http://www.wikidata.org/entity/Q53678075,,Non-governmental organisation,http://www.ncpl.ca,,
Q53677996,,,,,,Kawartha Lakes Public Library,http://www.wikidata.org/entity/Q53677996,,Non-governmental organisation,https://www.kawarthalakeslibrary.ca,,
Q53678013,,,,,,Lambton County Library,http://www.wikidata.org/entity/Q53678013,,Non-governmental organisation,https://www.lclibrary.ca,,
Q53678144,,,,,,Sault Ste. Marie Public Library,http://www.wikidata.org/entity/Q53678144,,Non-governmental organisation,http://www.ssmpl.ca,,
Q56530494,,,,,,North York Public Library,http://www.wikidata.org/entity/Q56530494,1955-01-01,Non-governmental organisation,,,
Q2901573,,,,,,Montreal Public Libraries Network,http://www.wikidata.org/entity/Q2901573,1902-11-03,Non-governmental organisation,https://bibliomontreal.com/,,
Q7570226,,,,,,Southern Ontario Library Service,http://www.wikidata.org/entity/Q7570226,,Non-governmental organisation,https://www.sols.org/,,
Q53677886,,,,,,Cobourg Public Library,http://www.wikidata.org/entity/Q53677886,,Non-governmental organisation,http://www.cobourg.library.on.ca,,
Q53677926,,,,,,Essa Public Library,http://www.wikidata.org/entity/Q53677926,,Non-governmental organisation,http://www.essa.library.on.ca,,
Q53678021,,,,,,Lennox and Addington County Library System,http://www.wikidata.org/entity/Q53678021,,Non-governmental organisation,http://www.countylibrary.ca,,
Q5130913,,,,,,Clearview Public Library,http://www.wikidata.org/entity/Q5130913,,Non-governmental organisation,http://www.clearview.library.on.ca,,
Q53678088,,,,,,Orangeville Public Library,http://www.wikidata.org/entity/Q53678088,,Non-governmental organisation,https://www.orangeville.ca/orangeville-public-library,,
Q53715203,,,,,,Lincoln Public Library,http://www.wikidata.org/entity/Q53715203,,Non-governmental organisation,https://lincoln.library.on.ca/,,
Q1376408,,,,,,Vancouver Public Library,http://www.wikidata.org/entity/Q1376408,1869-01-01,Non-governmental organisation,http://www.vpl.ca/,,
Q8055597,,,,,,York University Libraries,http://www.wikidata.org/entity/Q8055597,,Non-governmental organisation,https://www.library.yorku.ca/,,
Q58092665,,,,,,Simon Fraser University Libraries,http://www.wikidata.org/entity/Q58092665,,Non-governmental organisation,http://www.lib.sfu.ca/,,